{
	"BUILD_DIR" : "/home/squanchiwini/Desktop/sandboxes/GUI-with-Qt5-Cpp/Weld_presentation_Qt5_project/build/Desktop_Qt_6_9_0-Release/Weld_presentation_Qt5_project_autogen",
	"CMAKE_BINARY_DIR" : "/home/squanchiwini/Desktop/sandboxes/GUI-with-Qt5-Cpp/Weld_presentation_Qt5_project/build/Desktop_Qt_6_9_0-Release",
	"CMAKE_CURRENT_BINARY_DIR" : "/home/squanchiwini/Desktop/sandboxes/GUI-with-Qt5-Cpp/Weld_presentation_Qt5_project/build/Desktop_Qt_6_9_0-Release",
	"CMAKE_CURRENT_SOURCE_DIR" : "/home/squanchiwini/Desktop/sandboxes/GUI-with-Qt5-Cpp/Weld_presentation_Qt5_project",
	"CMAKE_EXECUTABLE" : "/usr/bin/cmake",
	"CMAKE_LIST_FILES" : 
	[
		"/home/squanchiwini/Desktop/sandboxes/GUI-with-Qt5-Cpp/Weld_presentation_Qt5_project/CMakeLists.txt",
		"/home/squanchiwini/Desktop/sandboxes/GUI-with-Qt5-Cpp/Weld_presentation_Qt5_project/build/Desktop_Qt_6_9_0-Release/.qtc/package-manager/auto-setup.cmake",
		"/usr/share/cmake-3.22/Modules/CMakeDetermineSystem.cmake",
		"/usr/share/cmake-3.22/Modules/CMakeSystem.cmake.in",
		"/home/squanchiwini/Desktop/sandboxes/GUI-with-Qt5-Cpp/Weld_presentation_Qt5_project/build/Desktop_Qt_6_9_0-Release/CMakeFiles/3.22.1/CMakeSystem.cmake",
		"/usr/share/cmake-3.22/Modules/CMakeUnixFindMake.cmake",
		"/usr/share/cmake-3.22/Modules/CMakeSystemSpecificInitialize.cmake",
		"/usr/share/cmake-3.22/Modules/CMakeDetermineCXXCompiler.cmake",
		"/usr/share/cmake-3.22/Modules/CMakeDetermineCompiler.cmake",
		"/usr/share/cmake-3.22/Modules/Platform/Linux-Determine-CXX.cmake",
		"/usr/share/cmake-3.22/Modules/CMakeDetermineCompilerId.cmake",
		"/usr/share/cmake-3.22/Modules/CMakeCompilerIdDetection.cmake",
		"/usr/share/cmake-3.22/Modules/Compiler/ADSP-DetermineCompiler.cmake",
		"/usr/share/cmake-3.22/Modules/Compiler/ARMCC-DetermineCompiler.cmake",
		"/usr/share/cmake-3.22/Modules/Compiler/ARMClang-DetermineCompiler.cmake",
		"/usr/share/cmake-3.22/Modules/Compiler/AppleClang-DetermineCompiler.cmake",
		"/usr/share/cmake-3.22/Modules/Compiler/Clang-DetermineCompilerInternal.cmake",
		"/usr/share/cmake-3.22/Modules/Compiler/Borland-DetermineCompiler.cmake",
		"/usr/share/cmake-3.22/Modules/Compiler/Clang-DetermineCompiler.cmake",
		"/usr/share/cmake-3.22/Modules/Compiler/Clang-DetermineCompilerInternal.cmake",
		"/usr/share/cmake-3.22/Modules/Compiler/Comeau-CXX-DetermineCompiler.cmake",
		"/usr/share/cmake-3.22/Modules/Compiler/Compaq-CXX-DetermineCompiler.cmake",
		"/usr/share/cmake-3.22/Modules/Compiler/Cray-DetermineCompiler.cmake",
		"/usr/share/cmake-3.22/Modules/Compiler/Embarcadero-DetermineCompiler.cmake",
		"/usr/share/cmake-3.22/Modules/Compiler/Fujitsu-DetermineCompiler.cmake",
		"/usr/share/cmake-3.22/Modules/Compiler/FujitsuClang-DetermineCompiler.cmake",
		"/usr/share/cmake-3.22/Modules/Compiler/GHS-DetermineCompiler.cmake",
		"/usr/share/cmake-3.22/Modules/Compiler/GNU-CXX-DetermineCompiler.cmake",
		"/usr/share/cmake-3.22/Modules/Compiler/HP-CXX-DetermineCompiler.cmake",
		"/usr/share/cmake-3.22/Modules/Compiler/IAR-DetermineCompiler.cmake",
		"/usr/share/cmake-3.22/Modules/Compiler/Intel-DetermineCompiler.cmake",
		"/usr/share/cmake-3.22/Modules/Compiler/IntelLLVM-DetermineCompiler.cmake",
		"/usr/share/cmake-3.22/Modules/Compiler/MSVC-DetermineCompiler.cmake",
		"/usr/share/cmake-3.22/Modules/Compiler/NVHPC-DetermineCompiler.cmake",
		"/usr/share/cmake-3.22/Modules/Compiler/NVIDIA-DetermineCompiler.cmake",
		"/usr/share/cmake-3.22/Modules/Compiler/OpenWatcom-DetermineCompiler.cmake",
		"/usr/share/cmake-3.22/Modules/Compiler/PGI-DetermineCompiler.cmake",
		"/usr/share/cmake-3.22/Modules/Compiler/PathScale-DetermineCompiler.cmake",
		"/usr/share/cmake-3.22/Modules/Compiler/SCO-DetermineCompiler.cmake",
		"/usr/share/cmake-3.22/Modules/Compiler/SunPro-CXX-DetermineCompiler.cmake",
		"/usr/share/cmake-3.22/Modules/Compiler/TI-DetermineCompiler.cmake",
		"/usr/share/cmake-3.22/Modules/Compiler/VisualAge-CXX-DetermineCompiler.cmake",
		"/usr/share/cmake-3.22/Modules/Compiler/IBMCPP-CXX-DetermineVersionInternal.cmake",
		"/usr/share/cmake-3.22/Modules/Compiler/Watcom-DetermineCompiler.cmake",
		"/usr/share/cmake-3.22/Modules/Compiler/XL-CXX-DetermineCompiler.cmake",
		"/usr/share/cmake-3.22/Modules/Compiler/IBMCPP-CXX-DetermineVersionInternal.cmake",
		"/usr/share/cmake-3.22/Modules/Compiler/XLClang-CXX-DetermineCompiler.cmake",
		"/usr/share/cmake-3.22/Modules/Compiler/zOS-CXX-DetermineCompiler.cmake",
		"/usr/share/cmake-3.22/Modules/Compiler/IBMCPP-CXX-DetermineVersionInternal.cmake",
		"/usr/share/cmake-3.22/Modules/CMakeFindBinUtils.cmake",
		"/usr/share/cmake-3.22/Modules/Compiler/Clang-FindBinUtils.cmake",
		"/usr/share/cmake-3.22/Modules/CMakeCXXCompiler.cmake.in",
		"/home/squanchiwini/Desktop/sandboxes/GUI-with-Qt5-Cpp/Weld_presentation_Qt5_project/build/Desktop_Qt_6_9_0-Release/CMakeFiles/3.22.1/CMakeCXXCompiler.cmake",
		"/usr/share/cmake-3.22/Modules/CMakeSystemSpecificInformation.cmake",
		"/usr/share/cmake-3.22/Modules/CMakeGenericSystem.cmake",
		"/usr/share/cmake-3.22/Modules/CMakeInitializeConfigs.cmake",
		"/usr/share/cmake-3.22/Modules/Platform/Linux.cmake",
		"/usr/share/cmake-3.22/Modules/Platform/UnixPaths.cmake",
		"/usr/share/cmake-3.22/Modules/CMakeCXXInformation.cmake",
		"/usr/share/cmake-3.22/Modules/CMakeLanguageInformation.cmake",
		"/usr/share/cmake-3.22/Modules/Compiler/Clang-CXX.cmake",
		"/usr/share/cmake-3.22/Modules/Compiler/Clang.cmake",
		"/usr/share/cmake-3.22/Modules/Compiler/CMakeCommonCompilerMacros.cmake",
		"/usr/share/cmake-3.22/Modules/Compiler/GNU.cmake",
		"/usr/share/cmake-3.22/Modules/Compiler/CMakeCommonCompilerMacros.cmake",
		"/usr/share/cmake-3.22/Modules/Platform/Linux-Clang-CXX.cmake",
		"/usr/share/cmake-3.22/Modules/Platform/Linux-GNU-CXX.cmake",
		"/usr/share/cmake-3.22/Modules/Platform/Linux-GNU.cmake",
		"/usr/share/cmake-3.22/Modules/CMakeCommonLanguageInclude.cmake",
		"/usr/share/cmake-3.22/Modules/CMakeTestCXXCompiler.cmake",
		"/usr/share/cmake-3.22/Modules/CMakeTestCompilerCommon.cmake",
		"/usr/share/cmake-3.22/Modules/CMakeDetermineCompilerABI.cmake",
		"/usr/share/cmake-3.22/Modules/CMakeParseImplicitIncludeInfo.cmake",
		"/usr/share/cmake-3.22/Modules/CMakeParseImplicitLinkInfo.cmake",
		"/usr/share/cmake-3.22/Modules/CMakeParseLibraryArchitecture.cmake",
		"/usr/share/cmake-3.22/Modules/CMakeTestCompilerCommon.cmake",
		"/usr/share/cmake-3.22/Modules/CMakeCXXCompilerABI.cpp",
		"/usr/share/cmake-3.22/Modules/CMakeDetermineCompileFeatures.cmake",
		"/usr/share/cmake-3.22/Modules/Internal/FeatureTesting.cmake",
		"/usr/share/cmake-3.22/Modules/CMakeCXXCompiler.cmake.in",
		"/home/squanchiwini/Desktop/sandboxes/GUI-with-Qt5-Cpp/Weld_presentation_Qt5_project/build/Desktop_Qt_6_9_0-Release/CMakeFiles/3.22.1/CMakeCXXCompiler.cmake",
		"/home/squanchiwini/Qt/6.9.0/gcc_64/lib/cmake/Qt6/Qt6ConfigVersion.cmake",
		"/home/squanchiwini/Qt/6.9.0/gcc_64/lib/cmake/Qt6/Qt6ConfigVersionImpl.cmake",
		"/home/squanchiwini/Qt/6.9.0/gcc_64/lib/cmake/Qt6/Qt6Config.cmake",
		"/home/squanchiwini/Qt/6.9.0/gcc_64/lib/cmake/Qt6/Qt6ConfigExtras.cmake",
		"/home/squanchiwini/Qt/6.9.0/gcc_64/lib/cmake/Qt6/QtPublicCMakeVersionHelpers.cmake",
		"/home/squanchiwini/Qt/6.9.0/gcc_64/lib/cmake/Qt6/QtPublicCMakeHelpers.cmake",
		"/home/squanchiwini/Qt/6.9.0/gcc_64/lib/cmake/Qt6/QtInstallPaths.cmake",
		"/home/squanchiwini/Qt/6.9.0/gcc_64/lib/cmake/Qt6/Qt6Targets.cmake",
		"/home/squanchiwini/Qt/6.9.0/gcc_64/lib/cmake/Qt6/Qt6VersionlessAliasTargets.cmake",
		"/home/squanchiwini/Qt/6.9.0/gcc_64/lib/cmake/Qt6/QtFeature.cmake",
		"/usr/share/cmake-3.22/Modules/CheckCXXCompilerFlag.cmake",
		"/usr/share/cmake-3.22/Modules/CheckCXXSourceCompiles.cmake",
		"/usr/share/cmake-3.22/Modules/Internal/CheckSourceCompiles.cmake",
		"/usr/share/cmake-3.22/Modules/Internal/CheckCompilerFlag.cmake",
		"/usr/share/cmake-3.22/Modules/Internal/CheckSourceCompiles.cmake",
		"/usr/share/cmake-3.22/Modules/CMakeCheckCompilerFlagCommonPatterns.cmake",
		"/home/squanchiwini/Qt/6.9.0/gcc_64/lib/cmake/Qt6/QtFeatureCommon.cmake",
		"/home/squanchiwini/Qt/6.9.0/gcc_64/lib/cmake/Qt6/QtPublicAndroidHelpers.cmake",
		"/home/squanchiwini/Qt/6.9.0/gcc_64/lib/cmake/Qt6/QtPublicAppleHelpers.cmake",
		"/home/squanchiwini/Qt/6.9.0/gcc_64/lib/cmake/Qt6/QtPublicCMakeHelpers.cmake",
		"/home/squanchiwini/Qt/6.9.0/gcc_64/lib/cmake/Qt6/QtPublicCMakeVersionHelpers.cmake",
		"/home/squanchiwini/Qt/6.9.0/gcc_64/lib/cmake/Qt6/QtPublicDependencyHelpers.cmake",
		"/home/squanchiwini/Qt/6.9.0/gcc_64/lib/cmake/Qt6/QtPublicExternalProjectHelpers.cmake",
		"/home/squanchiwini/Qt/6.9.0/gcc_64/lib/cmake/Qt6/QtPublicFinalizerHelpers.cmake",
		"/home/squanchiwini/Qt/6.9.0/gcc_64/lib/cmake/Qt6/QtPublicFindPackageHelpers.cmake",
		"/home/squanchiwini/Qt/6.9.0/gcc_64/lib/cmake/Qt6/QtPublicGitHelpers.cmake",
		"/home/squanchiwini/Qt/6.9.0/gcc_64/lib/cmake/Qt6/QtPublicPluginHelpers.cmake",
		"/home/squanchiwini/Qt/6.9.0/gcc_64/lib/cmake/Qt6/QtPublicPluginHelpers_v2.cmake",
		"/home/squanchiwini/Qt/6.9.0/gcc_64/lib/cmake/Qt6/QtPublicSbomAttributionHelpers.cmake",
		"/home/squanchiwini/Qt/6.9.0/gcc_64/lib/cmake/Qt6/QtPublicSbomCpeHelpers.cmake",
		"/home/squanchiwini/Qt/6.9.0/gcc_64/lib/cmake/Qt6/QtPublicSbomDepHelpers.cmake",
		"/home/squanchiwini/Qt/6.9.0/gcc_64/lib/cmake/Qt6/QtPublicSbomFileHelpers.cmake",
		"/home/squanchiwini/Qt/6.9.0/gcc_64/lib/cmake/Qt6/QtPublicSbomGenerationHelpers.cmake",
		"/home/squanchiwini/Qt/6.9.0/gcc_64/lib/cmake/Qt6/QtPublicSbomHelpers.cmake",
		"/home/squanchiwini/Qt/6.9.0/gcc_64/lib/cmake/Qt6/QtPublicSbomLicenseHelpers.cmake",
		"/home/squanchiwini/Qt/6.9.0/gcc_64/lib/cmake/Qt6/QtPublicSbomOpsHelpers.cmake",
		"/home/squanchiwini/Qt/6.9.0/gcc_64/lib/cmake/Qt6/QtPublicSbomPurlHelpers.cmake",
		"/home/squanchiwini/Qt/6.9.0/gcc_64/lib/cmake/Qt6/QtPublicSbomPythonHelpers.cmake",
		"/home/squanchiwini/Qt/6.9.0/gcc_64/lib/cmake/Qt6/QtPublicSbomQtEntityHelpers.cmake",
		"/home/squanchiwini/Qt/6.9.0/gcc_64/lib/cmake/Qt6/QtPublicSbomSystemDepHelpers.cmake",
		"/home/squanchiwini/Qt/6.9.0/gcc_64/lib/cmake/Qt6/QtPublicTargetHelpers.cmake",
		"/home/squanchiwini/Qt/6.9.0/gcc_64/lib/cmake/Qt6/QtPublicTestHelpers.cmake",
		"/home/squanchiwini/Qt/6.9.0/gcc_64/lib/cmake/Qt6/QtPublicToolHelpers.cmake",
		"/home/squanchiwini/Qt/6.9.0/gcc_64/lib/cmake/Qt6/QtPublicWalkLibsHelpers.cmake",
		"/home/squanchiwini/Qt/6.9.0/gcc_64/lib/cmake/Qt6/QtPublicWindowsHelpers.cmake",
		"/usr/share/cmake-3.22/Modules/CMakeFindDependencyMacro.cmake",
		"/home/squanchiwini/Qt/6.9.0/gcc_64/lib/cmake/Qt6/Qt6Dependencies.cmake",
		"/usr/share/cmake-3.22/Modules/FindThreads.cmake",
		"/usr/share/cmake-3.22/Modules/CheckLibraryExists.cmake",
		"/usr/share/cmake-3.22/Modules/CheckIncludeFileCXX.cmake",
		"/usr/share/cmake-3.22/Modules/CheckCXXSourceCompiles.cmake",
		"/usr/share/cmake-3.22/Modules/CheckIncludeFile.cxx.in",
		"/usr/share/cmake-3.22/Modules/FindPackageHandleStandardArgs.cmake",
		"/usr/share/cmake-3.22/Modules/FindPackageMessage.cmake",
		"/home/squanchiwini/Qt/6.9.0/gcc_64/lib/cmake/Qt6/Qt6ConfigVersion.cmake",
		"/home/squanchiwini/Qt/6.9.0/gcc_64/lib/cmake/Qt6/Qt6ConfigVersionImpl.cmake",
		"/home/squanchiwini/Qt/6.9.0/gcc_64/lib/cmake/Qt6/Qt6Config.cmake",
		"/home/squanchiwini/Qt/6.9.0/gcc_64/lib/cmake/Qt6/Qt6ConfigExtras.cmake",
		"/home/squanchiwini/Qt/6.9.0/gcc_64/lib/cmake/Qt6/QtPublicCMakeVersionHelpers.cmake",
		"/home/squanchiwini/Qt/6.9.0/gcc_64/lib/cmake/Qt6/QtPublicCMakeHelpers.cmake",
		"/home/squanchiwini/Qt/6.9.0/gcc_64/lib/cmake/Qt6/QtInstallPaths.cmake",
		"/home/squanchiwini/Qt/6.9.0/gcc_64/lib/cmake/Qt6/Qt6Targets.cmake",
		"/home/squanchiwini/Qt/6.9.0/gcc_64/lib/cmake/Qt6/Qt6VersionlessAliasTargets.cmake",
		"/home/squanchiwini/Qt/6.9.0/gcc_64/lib/cmake/Qt6/QtFeature.cmake",
		"/usr/share/cmake-3.22/Modules/CheckCXXCompilerFlag.cmake",
		"/home/squanchiwini/Qt/6.9.0/gcc_64/lib/cmake/Qt6/QtFeatureCommon.cmake",
		"/home/squanchiwini/Qt/6.9.0/gcc_64/lib/cmake/Qt6/QtPublicAndroidHelpers.cmake",
		"/home/squanchiwini/Qt/6.9.0/gcc_64/lib/cmake/Qt6/QtPublicAppleHelpers.cmake",
		"/home/squanchiwini/Qt/6.9.0/gcc_64/lib/cmake/Qt6/QtPublicCMakeHelpers.cmake",
		"/home/squanchiwini/Qt/6.9.0/gcc_64/lib/cmake/Qt6/QtPublicCMakeVersionHelpers.cmake",
		"/home/squanchiwini/Qt/6.9.0/gcc_64/lib/cmake/Qt6/QtPublicDependencyHelpers.cmake",
		"/home/squanchiwini/Qt/6.9.0/gcc_64/lib/cmake/Qt6/QtPublicExternalProjectHelpers.cmake",
		"/home/squanchiwini/Qt/6.9.0/gcc_64/lib/cmake/Qt6/QtPublicFinalizerHelpers.cmake",
		"/home/squanchiwini/Qt/6.9.0/gcc_64/lib/cmake/Qt6/QtPublicFindPackageHelpers.cmake",
		"/home/squanchiwini/Qt/6.9.0/gcc_64/lib/cmake/Qt6/QtPublicGitHelpers.cmake",
		"/home/squanchiwini/Qt/6.9.0/gcc_64/lib/cmake/Qt6/QtPublicPluginHelpers.cmake",
		"/home/squanchiwini/Qt/6.9.0/gcc_64/lib/cmake/Qt6/QtPublicPluginHelpers_v2.cmake",
		"/home/squanchiwini/Qt/6.9.0/gcc_64/lib/cmake/Qt6/QtPublicSbomAttributionHelpers.cmake",
		"/home/squanchiwini/Qt/6.9.0/gcc_64/lib/cmake/Qt6/QtPublicSbomCpeHelpers.cmake",
		"/home/squanchiwini/Qt/6.9.0/gcc_64/lib/cmake/Qt6/QtPublicSbomDepHelpers.cmake",
		"/home/squanchiwini/Qt/6.9.0/gcc_64/lib/cmake/Qt6/QtPublicSbomFileHelpers.cmake",
		"/home/squanchiwini/Qt/6.9.0/gcc_64/lib/cmake/Qt6/QtPublicSbomGenerationHelpers.cmake",
		"/home/squanchiwini/Qt/6.9.0/gcc_64/lib/cmake/Qt6/QtPublicSbomHelpers.cmake",
		"/home/squanchiwini/Qt/6.9.0/gcc_64/lib/cmake/Qt6/QtPublicSbomLicenseHelpers.cmake",
		"/home/squanchiwini/Qt/6.9.0/gcc_64/lib/cmake/Qt6/QtPublicSbomOpsHelpers.cmake",
		"/home/squanchiwini/Qt/6.9.0/gcc_64/lib/cmake/Qt6/QtPublicSbomPurlHelpers.cmake",
		"/home/squanchiwini/Qt/6.9.0/gcc_64/lib/cmake/Qt6/QtPublicSbomPythonHelpers.cmake",
		"/home/squanchiwini/Qt/6.9.0/gcc_64/lib/cmake/Qt6/QtPublicSbomQtEntityHelpers.cmake",
		"/home/squanchiwini/Qt/6.9.0/gcc_64/lib/cmake/Qt6/QtPublicSbomSystemDepHelpers.cmake",
		"/home/squanchiwini/Qt/6.9.0/gcc_64/lib/cmake/Qt6/QtPublicTargetHelpers.cmake",
		"/home/squanchiwini/Qt/6.9.0/gcc_64/lib/cmake/Qt6/QtPublicTestHelpers.cmake",
		"/home/squanchiwini/Qt/6.9.0/gcc_64/lib/cmake/Qt6/QtPublicToolHelpers.cmake",
		"/home/squanchiwini/Qt/6.9.0/gcc_64/lib/cmake/Qt6/QtPublicWalkLibsHelpers.cmake",
		"/home/squanchiwini/Qt/6.9.0/gcc_64/lib/cmake/Qt6/QtPublicWindowsHelpers.cmake",
		"/usr/share/cmake-3.22/Modules/CMakeFindDependencyMacro.cmake",
		"/home/squanchiwini/Qt/6.9.0/gcc_64/lib/cmake/Qt6/Qt6Dependencies.cmake",
		"/usr/share/cmake-3.22/Modules/FindThreads.cmake",
		"/usr/share/cmake-3.22/Modules/CheckLibraryExists.cmake",
		"/usr/share/cmake-3.22/Modules/CheckIncludeFileCXX.cmake",
		"/usr/share/cmake-3.22/Modules/CheckCXXSourceCompiles.cmake",
		"/usr/share/cmake-3.22/Modules/FindPackageHandleStandardArgs.cmake",
		"/usr/share/cmake-3.22/Modules/FindPackageMessage.cmake",
		"/home/squanchiwini/Qt/6.9.0/gcc_64/lib/cmake/Qt6Widgets/Qt6WidgetsConfigVersion.cmake",
		"/home/squanchiwini/Qt/6.9.0/gcc_64/lib/cmake/Qt6Widgets/Qt6WidgetsConfigVersionImpl.cmake",
		"/home/squanchiwini/Qt/6.9.0/gcc_64/lib/cmake/Qt6Widgets/Qt6WidgetsConfig.cmake",
		"/usr/share/cmake-3.22/Modules/CMakeFindDependencyMacro.cmake",
		"/home/squanchiwini/Qt/6.9.0/gcc_64/lib/cmake/Qt6Widgets/Qt6WidgetsDependencies.cmake",
		"/home/squanchiwini/Qt/6.9.0/gcc_64/lib/cmake/Qt6WidgetsTools/Qt6WidgetsToolsConfigVersion.cmake",
		"/home/squanchiwini/Qt/6.9.0/gcc_64/lib/cmake/Qt6WidgetsTools/Qt6WidgetsToolsConfigVersionImpl.cmake",
		"/home/squanchiwini/Qt/6.9.0/gcc_64/lib/cmake/Qt6WidgetsTools/Qt6WidgetsToolsConfig.cmake",
		"/usr/share/cmake-3.22/Modules/CMakeFindDependencyMacro.cmake",
		"/home/squanchiwini/Qt/6.9.0/gcc_64/lib/cmake/Qt6WidgetsTools/Qt6WidgetsToolsDependencies.cmake",
		"/home/squanchiwini/Qt/6.9.0/gcc_64/lib/cmake/Qt6CoreTools/Qt6CoreToolsConfigVersion.cmake",
		"/home/squanchiwini/Qt/6.9.0/gcc_64/lib/cmake/Qt6CoreTools/Qt6CoreToolsConfigVersionImpl.cmake",
		"/home/squanchiwini/Qt/6.9.0/gcc_64/lib/cmake/Qt6CoreTools/Qt6CoreToolsConfig.cmake",
		"/usr/share/cmake-3.22/Modules/CMakeFindDependencyMacro.cmake",
		"/home/squanchiwini/Qt/6.9.0/gcc_64/lib/cmake/Qt6CoreTools/Qt6CoreToolsDependencies.cmake",
		"/home/squanchiwini/Qt/6.9.0/gcc_64/lib/cmake/Qt6CoreTools/Qt6CoreToolsTargets.cmake",
		"/home/squanchiwini/Qt/6.9.0/gcc_64/lib/cmake/Qt6CoreTools/Qt6CoreToolsTargets-relwithdebinfo.cmake",
		"/home/squanchiwini/Qt/6.9.0/gcc_64/lib/cmake/Qt6CoreTools/Qt6CoreToolsAdditionalTargetInfo.cmake",
		"/home/squanchiwini/Qt/6.9.0/gcc_64/lib/cmake/Qt6CoreTools/Qt6CoreToolsVersionlessTargets.cmake",
		"/home/squanchiwini/Qt/6.9.0/gcc_64/lib/cmake/Qt6GuiTools/Qt6GuiToolsConfigVersion.cmake",
		"/home/squanchiwini/Qt/6.9.0/gcc_64/lib/cmake/Qt6GuiTools/Qt6GuiToolsConfigVersionImpl.cmake",
		"/home/squanchiwini/Qt/6.9.0/gcc_64/lib/cmake/Qt6GuiTools/Qt6GuiToolsConfig.cmake",
		"/usr/share/cmake-3.22/Modules/CMakeFindDependencyMacro.cmake",
		"/home/squanchiwini/Qt/6.9.0/gcc_64/lib/cmake/Qt6GuiTools/Qt6GuiToolsDependencies.cmake",
		"/home/squanchiwini/Qt/6.9.0/gcc_64/lib/cmake/Qt6CoreTools/Qt6CoreToolsConfigVersion.cmake",
		"/home/squanchiwini/Qt/6.9.0/gcc_64/lib/cmake/Qt6CoreTools/Qt6CoreToolsConfigVersionImpl.cmake",
		"/home/squanchiwini/Qt/6.9.0/gcc_64/lib/cmake/Qt6CoreTools/Qt6CoreToolsConfig.cmake",
		"/usr/share/cmake-3.22/Modules/CMakeFindDependencyMacro.cmake",
		"/home/squanchiwini/Qt/6.9.0/gcc_64/lib/cmake/Qt6CoreTools/Qt6CoreToolsDependencies.cmake",
		"/home/squanchiwini/Qt/6.9.0/gcc_64/lib/cmake/Qt6CoreTools/Qt6CoreToolsTargets.cmake",
		"/home/squanchiwini/Qt/6.9.0/gcc_64/lib/cmake/Qt6CoreTools/Qt6CoreToolsAdditionalTargetInfo.cmake",
		"/home/squanchiwini/Qt/6.9.0/gcc_64/lib/cmake/Qt6CoreTools/Qt6CoreToolsVersionlessTargets.cmake",
		"/home/squanchiwini/Qt/6.9.0/gcc_64/lib/cmake/Qt6GuiTools/Qt6GuiToolsTargets.cmake",
		"/home/squanchiwini/Qt/6.9.0/gcc_64/lib/cmake/Qt6GuiTools/Qt6GuiToolsTargets-relwithdebinfo.cmake",
		"/home/squanchiwini/Qt/6.9.0/gcc_64/lib/cmake/Qt6GuiTools/Qt6GuiToolsAdditionalTargetInfo.cmake",
		"/home/squanchiwini/Qt/6.9.0/gcc_64/lib/cmake/Qt6GuiTools/Qt6GuiToolsVersionlessTargets.cmake",
		"/home/squanchiwini/Qt/6.9.0/gcc_64/lib/cmake/Qt6WidgetsTools/Qt6WidgetsToolsTargets.cmake",
		"/home/squanchiwini/Qt/6.9.0/gcc_64/lib/cmake/Qt6WidgetsTools/Qt6WidgetsToolsTargets-relwithdebinfo.cmake",
		"/home/squanchiwini/Qt/6.9.0/gcc_64/lib/cmake/Qt6WidgetsTools/Qt6WidgetsToolsAdditionalTargetInfo.cmake",
		"/home/squanchiwini/Qt/6.9.0/gcc_64/lib/cmake/Qt6WidgetsTools/Qt6WidgetsToolsVersionlessTargets.cmake",
		"/home/squanchiwini/Qt/6.9.0/gcc_64/lib/cmake/Qt6Core/Qt6CoreConfigVersion.cmake",
		"/home/squanchiwini/Qt/6.9.0/gcc_64/lib/cmake/Qt6Core/Qt6CoreConfigVersionImpl.cmake",
		"/home/squanchiwini/Qt/6.9.0/gcc_64/lib/cmake/Qt6Core/Qt6CoreConfig.cmake",
		"/usr/share/cmake-3.22/Modules/CMakeFindDependencyMacro.cmake",
		"/home/squanchiwini/Qt/6.9.0/gcc_64/lib/cmake/Qt6Core/Qt6CoreDependencies.cmake",
		"/home/squanchiwini/Qt/6.9.0/gcc_64/lib/cmake/Qt6/FindWrapAtomic.cmake",
		"/usr/share/cmake-3.22/Modules/CheckCXXSourceCompiles.cmake",
		"/usr/share/cmake-3.22/Modules/FindPackageHandleStandardArgs.cmake",
		"/usr/share/cmake-3.22/Modules/FindPackageMessage.cmake",
		"/home/squanchiwini/Qt/6.9.0/gcc_64/lib/cmake/Qt6CoreTools/Qt6CoreToolsConfigVersion.cmake",
		"/home/squanchiwini/Qt/6.9.0/gcc_64/lib/cmake/Qt6CoreTools/Qt6CoreToolsConfigVersionImpl.cmake",
		"/home/squanchiwini/Qt/6.9.0/gcc_64/lib/cmake/Qt6CoreTools/Qt6CoreToolsConfig.cmake",
		"/usr/share/cmake-3.22/Modules/CMakeFindDependencyMacro.cmake",
		"/home/squanchiwini/Qt/6.9.0/gcc_64/lib/cmake/Qt6CoreTools/Qt6CoreToolsDependencies.cmake",
		"/home/squanchiwini/Qt/6.9.0/gcc_64/lib/cmake/Qt6CoreTools/Qt6CoreToolsTargets.cmake",
		"/home/squanchiwini/Qt/6.9.0/gcc_64/lib/cmake/Qt6CoreTools/Qt6CoreToolsAdditionalTargetInfo.cmake",
		"/home/squanchiwini/Qt/6.9.0/gcc_64/lib/cmake/Qt6CoreTools/Qt6CoreToolsVersionlessTargets.cmake",
		"/home/squanchiwini/Qt/6.9.0/gcc_64/lib/cmake/Qt6Core/Qt6CoreTargets.cmake",
		"/home/squanchiwini/Qt/6.9.0/gcc_64/lib/cmake/Qt6Core/Qt6CoreTargets-relwithdebinfo.cmake",
		"/home/squanchiwini/Qt/6.9.0/gcc_64/lib/cmake/Qt6Core/Qt6CoreAdditionalTargetInfo.cmake",
		"/home/squanchiwini/Qt/6.9.0/gcc_64/lib/cmake/Qt6CorePrivate/Qt6CorePrivateConfigVersion.cmake",
		"/home/squanchiwini/Qt/6.9.0/gcc_64/lib/cmake/Qt6CorePrivate/Qt6CorePrivateConfigVersionImpl.cmake",
		"/home/squanchiwini/Qt/6.9.0/gcc_64/lib/cmake/Qt6CorePrivate/Qt6CorePrivateConfig.cmake",
		"/usr/share/cmake-3.22/Modules/CMakeFindDependencyMacro.cmake",
		"/home/squanchiwini/Qt/6.9.0/gcc_64/lib/cmake/Qt6CorePrivate/Qt6CorePrivateDependencies.cmake",
		"/home/squanchiwini/Qt/6.9.0/gcc_64/lib/cmake/Qt6CorePrivate/Qt6CorePrivateTargets.cmake",
		"/home/squanchiwini/Qt/6.9.0/gcc_64/lib/cmake/Qt6CorePrivate/Qt6CorePrivateAdditionalTargetInfo.cmake",
		"/home/squanchiwini/Qt/6.9.0/gcc_64/lib/cmake/Qt6CorePrivate/Qt6CorePrivateVersionlessAliasTargets.cmake",
		"/home/squanchiwini/Qt/6.9.0/gcc_64/lib/cmake/Qt6Core/Qt6CoreMacros.cmake",
		"/home/squanchiwini/Qt/6.9.0/gcc_64/lib/cmake/Qt6Core/Qt6CoreConfigExtras.cmake",
		"/usr/share/cmake-3.22/Modules/GNUInstallDirs.cmake",
		"/home/squanchiwini/Qt/6.9.0/gcc_64/lib/cmake/Qt6Core/Qt6CoreVersionlessAliasTargets.cmake",
		"/home/squanchiwini/Qt/6.9.0/gcc_64/lib/cmake/Qt6Gui/Qt6GuiConfigVersion.cmake",
		"/home/squanchiwini/Qt/6.9.0/gcc_64/lib/cmake/Qt6Gui/Qt6GuiConfigVersionImpl.cmake",
		"/home/squanchiwini/Qt/6.9.0/gcc_64/lib/cmake/Qt6Gui/Qt6GuiConfig.cmake",
		"/usr/share/cmake-3.22/Modules/CMakeFindDependencyMacro.cmake",
		"/home/squanchiwini/Qt/6.9.0/gcc_64/lib/cmake/Qt6Gui/Qt6GuiDependencies.cmake",
		"/home/squanchiwini/Qt/6.9.0/gcc_64/lib/cmake/Qt6/FindWrapOpenGL.cmake",
		"/usr/share/cmake-3.22/Modules/FindOpenGL.cmake",
		"/usr/share/cmake-3.22/Modules/FindPackageHandleStandardArgs.cmake",
		"/usr/share/cmake-3.22/Modules/FindPackageMessage.cmake",
		"/usr/share/cmake-3.22/Modules/FindPackageHandleStandardArgs.cmake",
		"/usr/share/cmake-3.22/Modules/FindPackageMessage.cmake",
		"/home/squanchiwini/Qt/6.9.0/gcc_64/lib/cmake/Qt6/FindWrapVulkanHeaders.cmake",
		"/usr/share/cmake-3.22/Modules/FindVulkan.cmake",
		"/usr/share/cmake-3.22/Modules/FindPackageHandleStandardArgs.cmake",
		"/usr/share/cmake-3.22/Modules/FindPackageMessage.cmake",
		"/usr/share/cmake-3.22/Modules/FindPackageHandleStandardArgs.cmake",
		"/usr/share/cmake-3.22/Modules/FindPackageMessage.cmake",
		"/home/squanchiwini/Qt/6.9.0/gcc_64/lib/cmake/Qt6GuiTools/Qt6GuiToolsConfigVersion.cmake",
		"/home/squanchiwini/Qt/6.9.0/gcc_64/lib/cmake/Qt6GuiTools/Qt6GuiToolsConfigVersionImpl.cmake",
		"/home/squanchiwini/Qt/6.9.0/gcc_64/lib/cmake/Qt6GuiTools/Qt6GuiToolsConfig.cmake",
		"/usr/share/cmake-3.22/Modules/CMakeFindDependencyMacro.cmake",
		"/home/squanchiwini/Qt/6.9.0/gcc_64/lib/cmake/Qt6GuiTools/Qt6GuiToolsDependencies.cmake",
		"/home/squanchiwini/Qt/6.9.0/gcc_64/lib/cmake/Qt6CoreTools/Qt6CoreToolsConfigVersion.cmake",
		"/home/squanchiwini/Qt/6.9.0/gcc_64/lib/cmake/Qt6CoreTools/Qt6CoreToolsConfigVersionImpl.cmake",
		"/home/squanchiwini/Qt/6.9.0/gcc_64/lib/cmake/Qt6CoreTools/Qt6CoreToolsConfig.cmake",
		"/usr/share/cmake-3.22/Modules/CMakeFindDependencyMacro.cmake",
		"/home/squanchiwini/Qt/6.9.0/gcc_64/lib/cmake/Qt6CoreTools/Qt6CoreToolsDependencies.cmake",
		"/home/squanchiwini/Qt/6.9.0/gcc_64/lib/cmake/Qt6CoreTools/Qt6CoreToolsTargets.cmake",
		"/home/squanchiwini/Qt/6.9.0/gcc_64/lib/cmake/Qt6CoreTools/Qt6CoreToolsAdditionalTargetInfo.cmake",
		"/home/squanchiwini/Qt/6.9.0/gcc_64/lib/cmake/Qt6CoreTools/Qt6CoreToolsVersionlessTargets.cmake",
		"/home/squanchiwini/Qt/6.9.0/gcc_64/lib/cmake/Qt6GuiTools/Qt6GuiToolsTargets.cmake",
		"/home/squanchiwini/Qt/6.9.0/gcc_64/lib/cmake/Qt6GuiTools/Qt6GuiToolsAdditionalTargetInfo.cmake",
		"/home/squanchiwini/Qt/6.9.0/gcc_64/lib/cmake/Qt6GuiTools/Qt6GuiToolsVersionlessTargets.cmake",
		"/home/squanchiwini/Qt/6.9.0/gcc_64/lib/cmake/Qt6DBus/Qt6DBusConfigVersion.cmake",
		"/home/squanchiwini/Qt/6.9.0/gcc_64/lib/cmake/Qt6DBus/Qt6DBusConfigVersionImpl.cmake",
		"/home/squanchiwini/Qt/6.9.0/gcc_64/lib/cmake/Qt6DBus/Qt6DBusConfig.cmake",
		"/usr/share/cmake-3.22/Modules/CMakeFindDependencyMacro.cmake",
		"/home/squanchiwini/Qt/6.9.0/gcc_64/lib/cmake/Qt6DBus/Qt6DBusDependencies.cmake",
		"/home/squanchiwini/Qt/6.9.0/gcc_64/lib/cmake/Qt6DBusTools/Qt6DBusToolsConfigVersion.cmake",
		"/home/squanchiwini/Qt/6.9.0/gcc_64/lib/cmake/Qt6DBusTools/Qt6DBusToolsConfigVersionImpl.cmake",
		"/home/squanchiwini/Qt/6.9.0/gcc_64/lib/cmake/Qt6DBusTools/Qt6DBusToolsConfig.cmake",
		"/usr/share/cmake-3.22/Modules/CMakeFindDependencyMacro.cmake",
		"/home/squanchiwini/Qt/6.9.0/gcc_64/lib/cmake/Qt6DBusTools/Qt6DBusToolsDependencies.cmake",
		"/home/squanchiwini/Qt/6.9.0/gcc_64/lib/cmake/Qt6CoreTools/Qt6CoreToolsConfigVersion.cmake",
		"/home/squanchiwini/Qt/6.9.0/gcc_64/lib/cmake/Qt6CoreTools/Qt6CoreToolsConfigVersionImpl.cmake",
		"/home/squanchiwini/Qt/6.9.0/gcc_64/lib/cmake/Qt6CoreTools/Qt6CoreToolsConfig.cmake",
		"/usr/share/cmake-3.22/Modules/CMakeFindDependencyMacro.cmake",
		"/home/squanchiwini/Qt/6.9.0/gcc_64/lib/cmake/Qt6CoreTools/Qt6CoreToolsDependencies.cmake",
		"/home/squanchiwini/Qt/6.9.0/gcc_64/lib/cmake/Qt6CoreTools/Qt6CoreToolsTargets.cmake",
		"/home/squanchiwini/Qt/6.9.0/gcc_64/lib/cmake/Qt6CoreTools/Qt6CoreToolsAdditionalTargetInfo.cmake",
		"/home/squanchiwini/Qt/6.9.0/gcc_64/lib/cmake/Qt6CoreTools/Qt6CoreToolsVersionlessTargets.cmake",
		"/home/squanchiwini/Qt/6.9.0/gcc_64/lib/cmake/Qt6DBusTools/Qt6DBusToolsTargets.cmake",
		"/home/squanchiwini/Qt/6.9.0/gcc_64/lib/cmake/Qt6DBusTools/Qt6DBusToolsTargets-relwithdebinfo.cmake",
		"/home/squanchiwini/Qt/6.9.0/gcc_64/lib/cmake/Qt6DBusTools/Qt6DBusToolsAdditionalTargetInfo.cmake",
		"/home/squanchiwini/Qt/6.9.0/gcc_64/lib/cmake/Qt6DBusTools/Qt6DBusToolsVersionlessTargets.cmake",
		"/home/squanchiwini/Qt/6.9.0/gcc_64/lib/cmake/Qt6DBus/Qt6DBusTargets.cmake",
		"/home/squanchiwini/Qt/6.9.0/gcc_64/lib/cmake/Qt6DBus/Qt6DBusTargets-relwithdebinfo.cmake",
		"/home/squanchiwini/Qt/6.9.0/gcc_64/lib/cmake/Qt6DBus/Qt6DBusAdditionalTargetInfo.cmake",
		"/home/squanchiwini/Qt/6.9.0/gcc_64/lib/cmake/Qt6DBusPrivate/Qt6DBusPrivateConfigVersion.cmake",
		"/home/squanchiwini/Qt/6.9.0/gcc_64/lib/cmake/Qt6DBusPrivate/Qt6DBusPrivateConfigVersionImpl.cmake",
		"/home/squanchiwini/Qt/6.9.0/gcc_64/lib/cmake/Qt6DBusPrivate/Qt6DBusPrivateConfig.cmake",
		"/usr/share/cmake-3.22/Modules/CMakeFindDependencyMacro.cmake",
		"/home/squanchiwini/Qt/6.9.0/gcc_64/lib/cmake/Qt6DBusPrivate/Qt6DBusPrivateDependencies.cmake",
		"/home/squanchiwini/Qt/6.9.0/gcc_64/lib/cmake/Qt6DBusPrivate/Qt6DBusPrivateTargets.cmake",
		"/home/squanchiwini/Qt/6.9.0/gcc_64/lib/cmake/Qt6DBusPrivate/Qt6DBusPrivateAdditionalTargetInfo.cmake",
		"/home/squanchiwini/Qt/6.9.0/gcc_64/lib/cmake/Qt6DBusPrivate/Qt6DBusPrivateVersionlessAliasTargets.cmake",
		"/home/squanchiwini/Qt/6.9.0/gcc_64/lib/cmake/Qt6DBus/Qt6DBusMacros.cmake",
		"/usr/share/cmake-3.22/Modules/MacroAddFileDependencies.cmake",
		"/home/squanchiwini/Qt/6.9.0/gcc_64/lib/cmake/Qt6DBus/Qt6DBusVersionlessAliasTargets.cmake",
		"/home/squanchiwini/Qt/6.9.0/gcc_64/lib/cmake/Qt6Gui/Qt6GuiTargets.cmake",
		"/home/squanchiwini/Qt/6.9.0/gcc_64/lib/cmake/Qt6Gui/Qt6GuiTargets-relwithdebinfo.cmake",
		"/home/squanchiwini/Qt/6.9.0/gcc_64/lib/cmake/Qt6Gui/Qt6GuiAdditionalTargetInfo.cmake",
		"/home/squanchiwini/Qt/6.9.0/gcc_64/lib/cmake/Qt6GuiPrivate/Qt6GuiPrivateConfigVersion.cmake",
		"/home/squanchiwini/Qt/6.9.0/gcc_64/lib/cmake/Qt6GuiPrivate/Qt6GuiPrivateConfigVersionImpl.cmake",
		"/home/squanchiwini/Qt/6.9.0/gcc_64/lib/cmake/Qt6GuiPrivate/Qt6GuiPrivateConfig.cmake",
		"/usr/share/cmake-3.22/Modules/CMakeFindDependencyMacro.cmake",
		"/home/squanchiwini/Qt/6.9.0/gcc_64/lib/cmake/Qt6GuiPrivate/Qt6GuiPrivateDependencies.cmake",
		"/home/squanchiwini/Qt/6.9.0/gcc_64/lib/cmake/Qt6/3rdparty/kwin/FindXKB.cmake",
		"/usr/share/cmake-3.22/Modules/FindPkgConfig.cmake",
		"/usr/share/cmake-3.22/Modules/FindPackageHandleStandardArgs.cmake",
		"/usr/share/cmake-3.22/Modules/FindPackageMessage.cmake",
		"/usr/share/cmake-3.22/Modules/FindPackageHandleStandardArgs.cmake",
		"/usr/share/cmake-3.22/Modules/FindPackageMessage.cmake",
		"/usr/share/cmake-3.22/Modules/FeatureSummary.cmake",
		"/home/squanchiwini/Qt/6.9.0/gcc_64/lib/cmake/Qt6GuiPrivate/Qt6GuiPrivateTargets.cmake",
		"/home/squanchiwini/Qt/6.9.0/gcc_64/lib/cmake/Qt6GuiPrivate/Qt6GuiPrivateAdditionalTargetInfo.cmake",
		"/home/squanchiwini/Qt/6.9.0/gcc_64/lib/cmake/Qt6GuiPrivate/Qt6GuiPrivateVersionlessAliasTargets.cmake",
		"/home/squanchiwini/Qt/6.9.0/gcc_64/lib/cmake/Qt6Gui/Qt6GuiPlugins.cmake",
		"/home/squanchiwini/Qt/6.9.0/gcc_64/lib/cmake/Qt6Gui/Qt6QComposePlatformInputContextPluginConfig.cmake",
		"/usr/share/cmake-3.22/Modules/CMakeFindDependencyMacro.cmake",
		"/home/squanchiwini/Qt/6.9.0/gcc_64/lib/cmake/Qt6Gui/Qt6QComposePlatformInputContextPluginTargets.cmake",
		"/home/squanchiwini/Qt/6.9.0/gcc_64/lib/cmake/Qt6Gui/Qt6QComposePlatformInputContextPluginTargets-relwithdebinfo.cmake",
		"/home/squanchiwini/Qt/6.9.0/gcc_64/lib/cmake/Qt6Gui/Qt6QComposePlatformInputContextPluginAdditionalTargetInfo.cmake",
		"/home/squanchiwini/Qt/6.9.0/gcc_64/lib/cmake/Qt6Gui/Qt6QEglFSEmulatorIntegrationPluginConfig.cmake",
		"/usr/share/cmake-3.22/Modules/CMakeFindDependencyMacro.cmake",
		"/home/squanchiwini/Qt/6.9.0/gcc_64/lib/cmake/Qt6Gui/Qt6QEglFSEmulatorIntegrationPluginTargets.cmake",
		"/home/squanchiwini/Qt/6.9.0/gcc_64/lib/cmake/Qt6Gui/Qt6QEglFSEmulatorIntegrationPluginTargets-relwithdebinfo.cmake",
		"/home/squanchiwini/Qt/6.9.0/gcc_64/lib/cmake/Qt6Gui/Qt6QEglFSEmulatorIntegrationPluginAdditionalTargetInfo.cmake",
		"/home/squanchiwini/Qt/6.9.0/gcc_64/lib/cmake/Qt6Gui/Qt6QEglFSIntegrationPluginConfig.cmake",
		"/usr/share/cmake-3.22/Modules/CMakeFindDependencyMacro.cmake",
		"/home/squanchiwini/Qt/6.9.0/gcc_64/lib/cmake/Qt6Gui/Qt6QEglFSIntegrationPluginTargets.cmake",
		"/home/squanchiwini/Qt/6.9.0/gcc_64/lib/cmake/Qt6Gui/Qt6QEglFSIntegrationPluginTargets-relwithdebinfo.cmake",
		"/home/squanchiwini/Qt/6.9.0/gcc_64/lib/cmake/Qt6Gui/Qt6QEglFSIntegrationPluginAdditionalTargetInfo.cmake",
		"/home/squanchiwini/Qt/6.9.0/gcc_64/lib/cmake/Qt6Gui/Qt6QEglFSKmsEglDeviceIntegrationPluginConfig.cmake",
		"/usr/share/cmake-3.22/Modules/CMakeFindDependencyMacro.cmake",
		"/home/squanchiwini/Qt/6.9.0/gcc_64/lib/cmake/Qt6Gui/Qt6QEglFSKmsEglDeviceIntegrationPluginTargets.cmake",
		"/home/squanchiwini/Qt/6.9.0/gcc_64/lib/cmake/Qt6Gui/Qt6QEglFSKmsEglDeviceIntegrationPluginTargets-relwithdebinfo.cmake",
		"/home/squanchiwini/Qt/6.9.0/gcc_64/lib/cmake/Qt6Gui/Qt6QEglFSKmsEglDeviceIntegrationPluginAdditionalTargetInfo.cmake",
		"/home/squanchiwini/Qt/6.9.0/gcc_64/lib/cmake/Qt6Gui/Qt6QEglFSKmsGbmIntegrationPluginConfig.cmake",
		"/usr/share/cmake-3.22/Modules/CMakeFindDependencyMacro.cmake",
		"/home/squanchiwini/Qt/6.9.0/gcc_64/lib/cmake/Qt6Gui/Qt6QEglFSKmsGbmIntegrationPluginTargets.cmake",
		"/home/squanchiwini/Qt/6.9.0/gcc_64/lib/cmake/Qt6Gui/Qt6QEglFSKmsGbmIntegrationPluginTargets-relwithdebinfo.cmake",
		"/home/squanchiwini/Qt/6.9.0/gcc_64/lib/cmake/Qt6Gui/Qt6QEglFSKmsGbmIntegrationPluginAdditionalTargetInfo.cmake",
		"/home/squanchiwini/Qt/6.9.0/gcc_64/lib/cmake/Qt6Gui/Qt6QEglFSX11IntegrationPluginConfig.cmake",
		"/usr/share/cmake-3.22/Modules/CMakeFindDependencyMacro.cmake",
		"/home/squanchiwini/Qt/6.9.0/gcc_64/lib/cmake/Qt6Gui/Qt6QEglFSX11IntegrationPluginTargets.cmake",
		"/home/squanchiwini/Qt/6.9.0/gcc_64/lib/cmake/Qt6Gui/Qt6QEglFSX11IntegrationPluginTargets-relwithdebinfo.cmake",
		"/home/squanchiwini/Qt/6.9.0/gcc_64/lib/cmake/Qt6Gui/Qt6QEglFSX11IntegrationPluginAdditionalTargetInfo.cmake",
		"/home/squanchiwini/Qt/6.9.0/gcc_64/lib/cmake/Qt6Gui/Qt6QEvdevKeyboardPluginConfig.cmake",
		"/usr/share/cmake-3.22/Modules/CMakeFindDependencyMacro.cmake",
		"/home/squanchiwini/Qt/6.9.0/gcc_64/lib/cmake/Qt6Gui/Qt6QEvdevKeyboardPluginTargets.cmake",
		"/home/squanchiwini/Qt/6.9.0/gcc_64/lib/cmake/Qt6Gui/Qt6QEvdevKeyboardPluginTargets-relwithdebinfo.cmake",
		"/home/squanchiwini/Qt/6.9.0/gcc_64/lib/cmake/Qt6Gui/Qt6QEvdevKeyboardPluginAdditionalTargetInfo.cmake",
		"/home/squanchiwini/Qt/6.9.0/gcc_64/lib/cmake/Qt6Gui/Qt6QEvdevMousePluginConfig.cmake",
		"/usr/share/cmake-3.22/Modules/CMakeFindDependencyMacro.cmake",
		"/home/squanchiwini/Qt/6.9.0/gcc_64/lib/cmake/Qt6Gui/Qt6QEvdevMousePluginTargets.cmake",
		"/home/squanchiwini/Qt/6.9.0/gcc_64/lib/cmake/Qt6Gui/Qt6QEvdevMousePluginTargets-relwithdebinfo.cmake",
		"/home/squanchiwini/Qt/6.9.0/gcc_64/lib/cmake/Qt6Gui/Qt6QEvdevMousePluginAdditionalTargetInfo.cmake",
		"/home/squanchiwini/Qt/6.9.0/gcc_64/lib/cmake/Qt6Gui/Qt6QEvdevTabletPluginConfig.cmake",
		"/usr/share/cmake-3.22/Modules/CMakeFindDependencyMacro.cmake",
		"/home/squanchiwini/Qt/6.9.0/gcc_64/lib/cmake/Qt6Gui/Qt6QEvdevTabletPluginTargets.cmake",
		"/home/squanchiwini/Qt/6.9.0/gcc_64/lib/cmake/Qt6Gui/Qt6QEvdevTabletPluginTargets-relwithdebinfo.cmake",
		"/home/squanchiwini/Qt/6.9.0/gcc_64/lib/cmake/Qt6Gui/Qt6QEvdevTabletPluginAdditionalTargetInfo.cmake",
		"/home/squanchiwini/Qt/6.9.0/gcc_64/lib/cmake/Qt6Gui/Qt6QEvdevTouchScreenPluginConfig.cmake",
		"/usr/share/cmake-3.22/Modules/CMakeFindDependencyMacro.cmake",
		"/home/squanchiwini/Qt/6.9.0/gcc_64/lib/cmake/Qt6Gui/Qt6QEvdevTouchScreenPluginTargets.cmake",
		"/home/squanchiwini/Qt/6.9.0/gcc_64/lib/cmake/Qt6Gui/Qt6QEvdevTouchScreenPluginTargets-relwithdebinfo.cmake",
		"/home/squanchiwini/Qt/6.9.0/gcc_64/lib/cmake/Qt6Gui/Qt6QEvdevTouchScreenPluginAdditionalTargetInfo.cmake",
		"/home/squanchiwini/Qt/6.9.0/gcc_64/lib/cmake/Qt6Gui/Qt6QGifPluginConfig.cmake",
		"/usr/share/cmake-3.22/Modules/CMakeFindDependencyMacro.cmake",
		"/home/squanchiwini/Qt/6.9.0/gcc_64/lib/cmake/Qt6Gui/Qt6QGifPluginTargets.cmake",
		"/home/squanchiwini/Qt/6.9.0/gcc_64/lib/cmake/Qt6Gui/Qt6QGifPluginTargets-relwithdebinfo.cmake",
		"/home/squanchiwini/Qt/6.9.0/gcc_64/lib/cmake/Qt6Gui/Qt6QGifPluginAdditionalTargetInfo.cmake",
		"/home/squanchiwini/Qt/6.9.0/gcc_64/lib/cmake/Qt6Gui/Qt6QGtk3ThemePluginConfig.cmake",
		"/usr/share/cmake-3.22/Modules/CMakeFindDependencyMacro.cmake",
		"/home/squanchiwini/Qt/6.9.0/gcc_64/lib/cmake/Qt6Gui/Qt6QGtk3ThemePluginTargets.cmake",
		"/home/squanchiwini/Qt/6.9.0/gcc_64/lib/cmake/Qt6Gui/Qt6QGtk3ThemePluginTargets-relwithdebinfo.cmake",
		"/home/squanchiwini/Qt/6.9.0/gcc_64/lib/cmake/Qt6Gui/Qt6QGtk3ThemePluginAdditionalTargetInfo.cmake",
		"/home/squanchiwini/Qt/6.9.0/gcc_64/lib/cmake/Qt6Gui/Qt6QICOPluginConfig.cmake",
		"/usr/share/cmake-3.22/Modules/CMakeFindDependencyMacro.cmake",
		"/home/squanchiwini/Qt/6.9.0/gcc_64/lib/cmake/Qt6Gui/Qt6QICOPluginTargets.cmake",
		"/home/squanchiwini/Qt/6.9.0/gcc_64/lib/cmake/Qt6Gui/Qt6QICOPluginTargets-relwithdebinfo.cmake",
		"/home/squanchiwini/Qt/6.9.0/gcc_64/lib/cmake/Qt6Gui/Qt6QICOPluginAdditionalTargetInfo.cmake",
		"/home/squanchiwini/Qt/6.9.0/gcc_64/lib/cmake/Qt6Gui/Qt6QIbusPlatformInputContextPluginConfig.cmake",
		"/usr/share/cmake-3.22/Modules/CMakeFindDependencyMacro.cmake",
		"/home/squanchiwini/Qt/6.9.0/gcc_64/lib/cmake/Qt6Gui/Qt6QIbusPlatformInputContextPluginTargets.cmake",
		"/home/squanchiwini/Qt/6.9.0/gcc_64/lib/cmake/Qt6Gui/Qt6QIbusPlatformInputContextPluginTargets-relwithdebinfo.cmake",
		"/home/squanchiwini/Qt/6.9.0/gcc_64/lib/cmake/Qt6Gui/Qt6QIbusPlatformInputContextPluginAdditionalTargetInfo.cmake",
		"/home/squanchiwini/Qt/6.9.0/gcc_64/lib/cmake/Qt6Gui/Qt6QJpegPluginConfig.cmake",
		"/usr/share/cmake-3.22/Modules/CMakeFindDependencyMacro.cmake",
		"/home/squanchiwini/Qt/6.9.0/gcc_64/lib/cmake/Qt6Gui/Qt6QJpegPluginTargets.cmake",
		"/home/squanchiwini/Qt/6.9.0/gcc_64/lib/cmake/Qt6Gui/Qt6QJpegPluginTargets-relwithdebinfo.cmake",
		"/home/squanchiwini/Qt/6.9.0/gcc_64/lib/cmake/Qt6Gui/Qt6QJpegPluginAdditionalTargetInfo.cmake",
		"/home/squanchiwini/Qt/6.9.0/gcc_64/lib/cmake/Qt6Gui/Qt6QLinuxFbIntegrationPluginConfig.cmake",
		"/usr/share/cmake-3.22/Modules/CMakeFindDependencyMacro.cmake",
		"/home/squanchiwini/Qt/6.9.0/gcc_64/lib/cmake/Qt6Gui/Qt6QLinuxFbIntegrationPluginTargets.cmake",
		"/home/squanchiwini/Qt/6.9.0/gcc_64/lib/cmake/Qt6Gui/Qt6QLinuxFbIntegrationPluginTargets-relwithdebinfo.cmake",
		"/home/squanchiwini/Qt/6.9.0/gcc_64/lib/cmake/Qt6Gui/Qt6QLinuxFbIntegrationPluginAdditionalTargetInfo.cmake",
		"/home/squanchiwini/Qt/6.9.0/gcc_64/lib/cmake/Qt6Gui/Qt6QMinimalEglIntegrationPluginConfig.cmake",
		"/usr/share/cmake-3.22/Modules/CMakeFindDependencyMacro.cmake",
		"/home/squanchiwini/Qt/6.9.0/gcc_64/lib/cmake/Qt6Gui/Qt6QMinimalEglIntegrationPluginTargets.cmake",
		"/home/squanchiwini/Qt/6.9.0/gcc_64/lib/cmake/Qt6Gui/Qt6QMinimalEglIntegrationPluginTargets-relwithdebinfo.cmake",
		"/home/squanchiwini/Qt/6.9.0/gcc_64/lib/cmake/Qt6Gui/Qt6QMinimalEglIntegrationPluginAdditionalTargetInfo.cmake",
		"/home/squanchiwini/Qt/6.9.0/gcc_64/lib/cmake/Qt6Gui/Qt6QMinimalIntegrationPluginConfig.cmake",
		"/usr/share/cmake-3.22/Modules/CMakeFindDependencyMacro.cmake",
		"/home/squanchiwini/Qt/6.9.0/gcc_64/lib/cmake/Qt6Gui/Qt6QMinimalIntegrationPluginTargets.cmake",
		"/home/squanchiwini/Qt/6.9.0/gcc_64/lib/cmake/Qt6Gui/Qt6QMinimalIntegrationPluginTargets-relwithdebinfo.cmake",
		"/home/squanchiwini/Qt/6.9.0/gcc_64/lib/cmake/Qt6Gui/Qt6QMinimalIntegrationPluginAdditionalTargetInfo.cmake",
		"/home/squanchiwini/Qt/6.9.0/gcc_64/lib/cmake/Qt6Gui/Qt6QOffscreenIntegrationPluginConfig.cmake",
		"/usr/share/cmake-3.22/Modules/CMakeFindDependencyMacro.cmake",
		"/home/squanchiwini/Qt/6.9.0/gcc_64/lib/cmake/Qt6Gui/Qt6QOffscreenIntegrationPluginTargets.cmake",
		"/home/squanchiwini/Qt/6.9.0/gcc_64/lib/cmake/Qt6Gui/Qt6QOffscreenIntegrationPluginTargets-relwithdebinfo.cmake",
		"/home/squanchiwini/Qt/6.9.0/gcc_64/lib/cmake/Qt6Gui/Qt6QOffscreenIntegrationPluginAdditionalTargetInfo.cmake",
		"/home/squanchiwini/Qt/6.9.0/gcc_64/lib/cmake/Qt6Gui/Qt6QSvgIconPluginConfig.cmake",
		"/usr/share/cmake-3.22/Modules/CMakeFindDependencyMacro.cmake",
		"/home/squanchiwini/Qt/6.9.0/gcc_64/lib/cmake/Qt6Gui/Qt6QSvgIconPluginTargets.cmake",
		"/home/squanchiwini/Qt/6.9.0/gcc_64/lib/cmake/Qt6Gui/Qt6QSvgIconPluginTargets-relwithdebinfo.cmake",
		"/home/squanchiwini/Qt/6.9.0/gcc_64/lib/cmake/Qt6Gui/Qt6QSvgIconPluginAdditionalTargetInfo.cmake",
		"/home/squanchiwini/Qt/6.9.0/gcc_64/lib/cmake/Qt6Gui/Qt6QSvgPluginConfig.cmake",
		"/usr/share/cmake-3.22/Modules/CMakeFindDependencyMacro.cmake",
		"/home/squanchiwini/Qt/6.9.0/gcc_64/lib/cmake/Qt6Gui/Qt6QSvgPluginTargets.cmake",
		"/home/squanchiwini/Qt/6.9.0/gcc_64/lib/cmake/Qt6Gui/Qt6QSvgPluginTargets-relwithdebinfo.cmake",
		"/home/squanchiwini/Qt/6.9.0/gcc_64/lib/cmake/Qt6Gui/Qt6QSvgPluginAdditionalTargetInfo.cmake",
		"/home/squanchiwini/Qt/6.9.0/gcc_64/lib/cmake/Qt6Gui/Qt6QTuioTouchPluginConfig.cmake",
		"/usr/share/cmake-3.22/Modules/CMakeFindDependencyMacro.cmake",
		"/home/squanchiwini/Qt/6.9.0/gcc_64/lib/cmake/Qt6Gui/Qt6QTuioTouchPluginTargets.cmake",
		"/home/squanchiwini/Qt/6.9.0/gcc_64/lib/cmake/Qt6Gui/Qt6QTuioTouchPluginTargets-relwithdebinfo.cmake",
		"/home/squanchiwini/Qt/6.9.0/gcc_64/lib/cmake/Qt6Gui/Qt6QTuioTouchPluginAdditionalTargetInfo.cmake",
		"/home/squanchiwini/Qt/6.9.0/gcc_64/lib/cmake/Qt6Gui/Qt6QVirtualKeyboardPluginConfig.cmake",
		"/usr/share/cmake-3.22/Modules/CMakeFindDependencyMacro.cmake",
		"/home/squanchiwini/Qt/6.9.0/gcc_64/lib/cmake/Qt6Gui/Qt6QVirtualKeyboardPluginTargets.cmake",
		"/home/squanchiwini/Qt/6.9.0/gcc_64/lib/cmake/Qt6Gui/Qt6QVirtualKeyboardPluginTargets-relwithdebinfo.cmake",
		"/home/squanchiwini/Qt/6.9.0/gcc_64/lib/cmake/Qt6Gui/Qt6QVirtualKeyboardPluginAdditionalTargetInfo.cmake",
		"/home/squanchiwini/Qt/6.9.0/gcc_64/lib/cmake/Qt6Gui/Qt6QVkKhrDisplayIntegrationPluginConfig.cmake",
		"/usr/share/cmake-3.22/Modules/CMakeFindDependencyMacro.cmake",
		"/home/squanchiwini/Qt/6.9.0/gcc_64/lib/cmake/Qt6Gui/Qt6QVkKhrDisplayIntegrationPluginTargets.cmake",
		"/home/squanchiwini/Qt/6.9.0/gcc_64/lib/cmake/Qt6Gui/Qt6QVkKhrDisplayIntegrationPluginTargets-relwithdebinfo.cmake",
		"/home/squanchiwini/Qt/6.9.0/gcc_64/lib/cmake/Qt6Gui/Qt6QVkKhrDisplayIntegrationPluginAdditionalTargetInfo.cmake",
		"/home/squanchiwini/Qt/6.9.0/gcc_64/lib/cmake/Qt6Gui/Qt6QVncIntegrationPluginConfig.cmake",
		"/usr/share/cmake-3.22/Modules/CMakeFindDependencyMacro.cmake",
		"/home/squanchiwini/Qt/6.9.0/gcc_64/lib/cmake/Qt6Gui/Qt6QVncIntegrationPluginTargets.cmake",
		"/home/squanchiwini/Qt/6.9.0/gcc_64/lib/cmake/Qt6Gui/Qt6QVncIntegrationPluginTargets-relwithdebinfo.cmake",
		"/home/squanchiwini/Qt/6.9.0/gcc_64/lib/cmake/Qt6Gui/Qt6QVncIntegrationPluginAdditionalTargetInfo.cmake",
		"/home/squanchiwini/Qt/6.9.0/gcc_64/lib/cmake/Qt6Gui/Qt6QWaylandEglPlatformIntegrationPluginConfig.cmake",
		"/usr/share/cmake-3.22/Modules/CMakeFindDependencyMacro.cmake",
		"/home/squanchiwini/Qt/6.9.0/gcc_64/lib/cmake/Qt6Gui/Qt6QWaylandEglPlatformIntegrationPluginTargets.cmake",
		"/home/squanchiwini/Qt/6.9.0/gcc_64/lib/cmake/Qt6Gui/Qt6QWaylandEglPlatformIntegrationPluginTargets-relwithdebinfo.cmake",
		"/home/squanchiwini/Qt/6.9.0/gcc_64/lib/cmake/Qt6Gui/Qt6QWaylandEglPlatformIntegrationPluginAdditionalTargetInfo.cmake",
		"/home/squanchiwini/Qt/6.9.0/gcc_64/lib/cmake/Qt6Gui/Qt6QWaylandIntegrationPluginConfig.cmake",
		"/usr/share/cmake-3.22/Modules/CMakeFindDependencyMacro.cmake",
		"/home/squanchiwini/Qt/6.9.0/gcc_64/lib/cmake/Qt6Gui/Qt6QWaylandIntegrationPluginTargets.cmake",
		"/home/squanchiwini/Qt/6.9.0/gcc_64/lib/cmake/Qt6Gui/Qt6QWaylandIntegrationPluginTargets-relwithdebinfo.cmake",
		"/home/squanchiwini/Qt/6.9.0/gcc_64/lib/cmake/Qt6Gui/Qt6QWaylandIntegrationPluginAdditionalTargetInfo.cmake",
		"/home/squanchiwini/Qt/6.9.0/gcc_64/lib/cmake/Qt6Gui/Qt6QXcbEglIntegrationPluginConfig.cmake",
		"/usr/share/cmake-3.22/Modules/CMakeFindDependencyMacro.cmake",
		"/home/squanchiwini/Qt/6.9.0/gcc_64/lib/cmake/Qt6Gui/Qt6QXcbEglIntegrationPluginTargets.cmake",
		"/home/squanchiwini/Qt/6.9.0/gcc_64/lib/cmake/Qt6Gui/Qt6QXcbEglIntegrationPluginTargets-relwithdebinfo.cmake",
		"/home/squanchiwini/Qt/6.9.0/gcc_64/lib/cmake/Qt6Gui/Qt6QXcbEglIntegrationPluginAdditionalTargetInfo.cmake",
		"/home/squanchiwini/Qt/6.9.0/gcc_64/lib/cmake/Qt6Gui/Qt6QXcbGlxIntegrationPluginConfig.cmake",
		"/usr/share/cmake-3.22/Modules/CMakeFindDependencyMacro.cmake",
		"/home/squanchiwini/Qt/6.9.0/gcc_64/lib/cmake/Qt6Gui/Qt6QXcbGlxIntegrationPluginTargets.cmake",
		"/home/squanchiwini/Qt/6.9.0/gcc_64/lib/cmake/Qt6Gui/Qt6QXcbGlxIntegrationPluginTargets-relwithdebinfo.cmake",
		"/home/squanchiwini/Qt/6.9.0/gcc_64/lib/cmake/Qt6Gui/Qt6QXcbGlxIntegrationPluginAdditionalTargetInfo.cmake",
		"/home/squanchiwini/Qt/6.9.0/gcc_64/lib/cmake/Qt6Gui/Qt6QXcbIntegrationPluginConfig.cmake",
		"/usr/share/cmake-3.22/Modules/CMakeFindDependencyMacro.cmake",
		"/home/squanchiwini/Qt/6.9.0/gcc_64/lib/cmake/Qt6Gui/Qt6QXcbIntegrationPluginTargets.cmake",
		"/home/squanchiwini/Qt/6.9.0/gcc_64/lib/cmake/Qt6Gui/Qt6QXcbIntegrationPluginTargets-relwithdebinfo.cmake",
		"/home/squanchiwini/Qt/6.9.0/gcc_64/lib/cmake/Qt6Gui/Qt6QXcbIntegrationPluginAdditionalTargetInfo.cmake",
		"/home/squanchiwini/Qt/6.9.0/gcc_64/lib/cmake/Qt6Gui/Qt6QXdgDesktopPortalThemePluginConfig.cmake",
		"/usr/share/cmake-3.22/Modules/CMakeFindDependencyMacro.cmake",
		"/home/squanchiwini/Qt/6.9.0/gcc_64/lib/cmake/Qt6Gui/Qt6QXdgDesktopPortalThemePluginTargets.cmake",
		"/home/squanchiwini/Qt/6.9.0/gcc_64/lib/cmake/Qt6Gui/Qt6QXdgDesktopPortalThemePluginTargets-relwithdebinfo.cmake",
		"/home/squanchiwini/Qt/6.9.0/gcc_64/lib/cmake/Qt6Gui/Qt6QXdgDesktopPortalThemePluginAdditionalTargetInfo.cmake",
		"/home/squanchiwini/Qt/6.9.0/gcc_64/lib/cmake/Qt6Gui/Qt6GuiVersionlessAliasTargets.cmake",
		"/home/squanchiwini/Qt/6.9.0/gcc_64/lib/cmake/Qt6Widgets/Qt6WidgetsTargets.cmake",
		"/home/squanchiwini/Qt/6.9.0/gcc_64/lib/cmake/Qt6Widgets/Qt6WidgetsTargets-relwithdebinfo.cmake",
		"/home/squanchiwini/Qt/6.9.0/gcc_64/lib/cmake/Qt6Widgets/Qt6WidgetsAdditionalTargetInfo.cmake",
		"/home/squanchiwini/Qt/6.9.0/gcc_64/lib/cmake/Qt6WidgetsPrivate/Qt6WidgetsPrivateConfigVersion.cmake",
		"/home/squanchiwini/Qt/6.9.0/gcc_64/lib/cmake/Qt6WidgetsPrivate/Qt6WidgetsPrivateConfigVersionImpl.cmake",
		"/home/squanchiwini/Qt/6.9.0/gcc_64/lib/cmake/Qt6WidgetsPrivate/Qt6WidgetsPrivateConfig.cmake",
		"/usr/share/cmake-3.22/Modules/CMakeFindDependencyMacro.cmake",
		"/home/squanchiwini/Qt/6.9.0/gcc_64/lib/cmake/Qt6WidgetsPrivate/Qt6WidgetsPrivateDependencies.cmake",
		"/home/squanchiwini/Qt/6.9.0/gcc_64/lib/cmake/Qt6WidgetsPrivate/Qt6WidgetsPrivateTargets.cmake",
		"/home/squanchiwini/Qt/6.9.0/gcc_64/lib/cmake/Qt6WidgetsPrivate/Qt6WidgetsPrivateAdditionalTargetInfo.cmake",
		"/home/squanchiwini/Qt/6.9.0/gcc_64/lib/cmake/Qt6WidgetsPrivate/Qt6WidgetsPrivateVersionlessAliasTargets.cmake",
		"/home/squanchiwini/Qt/6.9.0/gcc_64/lib/cmake/Qt6Widgets/Qt6WidgetsMacros.cmake",
		"/home/squanchiwini/Qt/6.9.0/gcc_64/lib/cmake/Qt6Widgets/Qt6WidgetsPlugins.cmake",
		"/home/squanchiwini/Qt/6.9.0/gcc_64/lib/cmake/Qt6Widgets/Qt6WidgetsVersionlessAliasTargets.cmake",
		"/usr/share/cmake-3.22/Modules/GNUInstallDirs.cmake"
	],
	"CMAKE_SOURCE_DIR" : "/home/squanchiwini/Desktop/sandboxes/GUI-with-Qt5-Cpp/Weld_presentation_Qt5_project",
	"DEP_FILE" : "",
	"DEP_FILE_RULE_NAME" : "",
	"HEADERS" : 
	[
		[
			"/home/squanchiwini/Desktop/sandboxes/GUI-with-Qt5-Cpp/Weld_presentation_Qt5_project/mainwindow.h",
			"MU",
			"EWIEGA46WW/moc_mainwindow.cpp",
			null
		]
	],
	"HEADER_EXTENSIONS" : [ "h", "hh", "h++", "hm", "hpp", "hxx", "in", "txx" ],
	"INCLUDE_DIR" : "/home/squanchiwini/Desktop/sandboxes/GUI-with-Qt5-Cpp/Weld_presentation_Qt5_project/build/Desktop_Qt_6_9_0-Release/Weld_presentation_Qt5_project_autogen/include",
	"MOC_COMPILATION_FILE" : "/home/squanchiwini/Desktop/sandboxes/GUI-with-Qt5-Cpp/Weld_presentation_Qt5_project/build/Desktop_Qt_6_9_0-Release/Weld_presentation_Qt5_project_autogen/mocs_compilation.cpp",
	"MOC_DEFINITIONS" : [ "QT_CORE_LIB", "QT_GUI_LIB", "QT_NO_DEBUG", "QT_WIDGETS_LIB" ],
	"MOC_DEPEND_FILTERS" : 
	[
		[
			"Q_PLUGIN_METADATA",
			"[\n][ \t]*Q_PLUGIN_METADATA[ \t]*\\([^\\)]*FILE[ \t]*\"([^\"]+)\""
		]
	],
	"MOC_INCLUDES" : 
	[
		"/home/squanchiwini/Qt/6.9.0/gcc_64/include/QtCore",
		"/home/squanchiwini/Qt/6.9.0/gcc_64/include",
		"/home/squanchiwini/Qt/6.9.0/gcc_64/mkspecs/linux-g++",
		"/home/squanchiwini/Qt/6.9.0/gcc_64/include/QtWidgets",
		"/home/squanchiwini/Qt/6.9.0/gcc_64/include/QtGui",
		"/usr/include",
		"/include/c++/11",
		"/include/x86_64-linux-gnu/c++/11",
		"/include/c++/11/backward",
		"/usr/lib/llvm-14/lib/clang/14.0.0/include",
		"/usr/local/include",
		"/usr/include/x86_64-linux-gnu"
	],
	"MOC_MACRO_NAMES" : 
	[
		"Q_OBJECT",
		"Q_GADGET",
		"Q_NAMESPACE",
		"Q_NAMESPACE_EXPORT",
		"Q_GADGET_EXPORT",
		"Q_ENUM_NS"
	],
	"MOC_OPTIONS" : [],
	"MOC_PATH_PREFIX" : false,
	"MOC_PREDEFS_CMD" : 
	[
		"/bin/clang++-14",
		"-dM",
		"-E",
		"-c",
		"/usr/share/cmake-3.22/Modules/CMakeCXXCompilerABI.cpp"
	],
	"MOC_PREDEFS_FILE" : "/home/squanchiwini/Desktop/sandboxes/GUI-with-Qt5-Cpp/Weld_presentation_Qt5_project/build/Desktop_Qt_6_9_0-Release/Weld_presentation_Qt5_project_autogen/moc_predefs.h",
	"MOC_RELAXED_MODE" : false,
	"MOC_SKIP" : [],
	"MULTI_CONFIG" : false,
	"PARALLEL" : 6,
	"PARSE_CACHE_FILE" : "/home/squanchiwini/Desktop/sandboxes/GUI-with-Qt5-Cpp/Weld_presentation_Qt5_project/build/Desktop_Qt_6_9_0-Release/CMakeFiles/Weld_presentation_Qt5_project_autogen.dir/ParseCache.txt",
	"QT_MOC_EXECUTABLE" : "/home/squanchiwini/Qt/6.9.0/gcc_64/libexec/moc",
	"QT_UIC_EXECUTABLE" : "/home/squanchiwini/Qt/6.9.0/gcc_64/libexec/uic",
	"QT_VERSION_MAJOR" : 6,
	"QT_VERSION_MINOR" : 9,
	"SETTINGS_FILE" : "/home/squanchiwini/Desktop/sandboxes/GUI-with-Qt5-Cpp/Weld_presentation_Qt5_project/build/Desktop_Qt_6_9_0-Release/CMakeFiles/Weld_presentation_Qt5_project_autogen.dir/AutogenUsed.txt",
	"SOURCES" : 
	[
		[
			"/home/squanchiwini/Desktop/sandboxes/GUI-with-Qt5-Cpp/Weld_presentation_Qt5_project/main.cpp",
			"MU",
			null
		],
		[
			"/home/squanchiwini/Desktop/sandboxes/GUI-with-Qt5-Cpp/Weld_presentation_Qt5_project/mainwindow.cpp",
			"MU",
			null
		]
	],
	"UIC_OPTIONS" : [],
	"UIC_SEARCH_PATHS" : [],
	"UIC_SKIP" : [],
	"UIC_UI_FILES" : [],
	"VERBOSITY" : 0
}
